#CHR	START_OFFSET	END_OFFSET	SNARL	PATH_LENGTHS	P	ALLELE_PATHS	DEPTH
ref	247411	247411	4271_4260	0,616	0.3045	204,196	1
ref	247246	247246	4260_4252	0,596	3.6692e-02	184,216	1
ref	247026	247027	4252_4249	1,1	0.4725	215,185	1
ref	244988	246948	4249_4208	0,1960	0.8219	102,298	1
ref	244701	244702	4208_4205	1,1	0.4982	122,278	1
ref	244521	244522	4205_4202	1,1	0.8386	158,242	1
ref	244231	244232	4202_4199	1,1	2.7000e-02	349,51	1
ref	244177	244178	4199_4196	1,1	0.4543	78,322	1
ref	243889	243890	4196_4193	1,1	2.5439e-02	335,65	1
ref	242653	243529	4190_4176	0,876	0.1868	75,325	1
ref	242422	242423	4176_4173	1,1	1	306,94	1
ref	242058	242248	4173_4171	0,190	1	142,258	1
ref	241810	241811	4171_4168	1,1	0.753	107,293	1
ref	241687	241688	4168_4165	1,1	0.1858	317,83	1
ref	241231	241504	4165_4160	0,273	0.5215	126,274	1
ref	241033	241034	4160_4157	1,1	0.5915	35,365	1
ref	240848	240849	4157_4154	1,1	0.3494	167,233	1
ref	240735	240736	4154_4151	1,1	0.1195	314,86	1
ref	240447	240448	4151_4148	1,1	0.2805	75,325	1
ref	240152	240152	4148_4146	0,118	0.7667	201,199	1
ref	239911	239912	4146_4143	1,1	0.5938	275,125	1
ref	239851	239852	4143_4140	1,1	0.6557	136,264	1
ref	239652	239653	4140_4137	1,1	0.639	106,294	1
ref	239420	239420	4137_4123	0,1167	0.617	257,143	1
ref	238625	239168	4123_4112	0,543	1.4440e-02	86,314	1
ref	238193	238194	4104_4101	1,1	0.9126	153,247	1
ref	238050	238051	4101_4098	1,1	0.2597	223,177	1
ref	237827	237827	4098_4096	0,280	0.4613	322,78	1
ref	237627	237628	4096_4093	1,1	1	182,218	1
ref	236941	237377	4090_4085	0,436	0.4014	104,296	1
ref	236675	236676	4085_4082	1,1	1.4144e-02	74,326	1
ref	236574	236575	4082_4079	1,1	0.702	160,240	1
ref	236410	236411	4079_4076	1,1	6.4007e-03	210,190	1
ref	236171	236172	4076_4073	1,1	3.7437e-02	134,266	1
ref	235923	235924	4073_4070	1,1	3.5880e-02	216,184	1
ref	235558	235842	4070_4068	0,284	0.3071	125,275	1
ref	235283	235284	4068_4065	1,1	0.7751	195,205	1
ref	234991	234991	4065_4063	0,190	1.8482e-06	177,223	1
ref	234902	234903	4063_4060	1,1	0.1141	196,204	1
ref	234621	234622	4060_4057	1,1	0.5781	324,76	1
ref	234400	234401	4054_4051	1,1	0.5792	54,346	1
ref	234327	234328	4051_4048	1,1	0.248	64,336	1
ref	234040	234041	4048_4045	1,1	4.0790e-13	232,168	1
ref	233818	233819	4045_4042	1,1	0.1863	338,62	1
ref	233519	233520	4042_4039	1,1	0.3938	231,169	1
ref	233271	233272	4039_4036	1,1	0.8289	274,126	1
ref	232194	233064	4036_4022	0,870	0.7508	358,42	1
ref	232103	232104	4022_4019	1,1	0.5851	115,285	1
ref	231820	231821	4019_4016	1,1	0.619	145,255	1
ref	231622	231622	4016_4014	0,240	0.201	311,89	1
ref	231403	231403	4014_4012	0,174	0.6854	256,144	1
ref	231233	231233	4012_4010	0,298	0.4947	256,144	1
ref	231047	231047	4010_4008	0,263	1.9631e-09	272,128	1
ref	230964	230965	4008_4005	1,1	1	278,122	1
ref	230738	230739	4005_4002	1,1	0.3124	214,186	1
ref	230539	230540	4002_3999	1,1	0.2796	116,284	1
ref	230472	230473	3999_3996	1,1	0.5521	305,95	1
ref	230188	230189	3996_3993	1,1	5.9022e-23	149,251	1
ref	230066	230067	3993_3990	1,1	0.2695	71,329	1
ref	229997	229998	3990_3987	1,1	0.1504	45,355	1
ref	229900	229901	3987_3984	1,1	0.7558	145,255	1
ref	229743	229744	3984_3981	1,1	0.6921	162,238	1
ref	229685	229686	3981_3978	1,1	0.4132	58,342	1
ref	229498	229499	3978_3975	1,1	1	284,116	1
ref	229442	229443	3975_3972	1,1	0.8388	25,375	1
ref	229230	229231	3972_3969	1,1	0.6975	226,174	1
ref	229094	229095	3969_3966	1,1	0.2463	131,269	1
ref	228852	228853	3966_3963	1,1	0.7689	151,249	1
ref	228604	228605	3963_3960	1,1	0.8961	335,65	1
ref	228551	228551	3960_3958	0,96	2.4338e-04	253,147	1
ref	228495	228496	3958_3955	1,1	0.6362	43,357	1
ref	228253	228254	3955_3952	1,1	0.6394	380,20	1
ref	227848	228081	3952_3950	0,233	2.6978e-14	221,179	1
ref	227629	227630	3950_3947	1,1	0.6136	195,205	1
ref	227403	227500	3947_3945	0,97	0.3736	20,380	1
ref	227133	227134	3945_3942	1,1	0.1857	55,345	1
ref	226842	226843	3942_3939	1,1	0.4386	170,230	1
ref	226728	226728	3939_3922	0,1164	7.7538e-02	270,130	1
ref	226671	226672	3922_3919	1,1	0.6823	256,144	1
ref	226529	226530	3919_3916	1,1	0.8257	23,377	1
ref	226276	226277	3916_3913	1,1	7.2219e-02	82,318	1
ref	226073	226074	3913_3910	1,1	0.4756	181,219	1
ref	225878	225879	3910_3907	1,1	0.3272	80,320	1
ref	225680	225681	3907_3904	1,1	0.5443	162,238	1
ref	225531	225532	3904_3901	1,1	0.3404	323,77	1
ref	225276	225277	3901_3898	1,1	0.1531	119,281	1
ref	224386	225056	3898_3887	0,670	0.2857	132,268	1
ref	224068	224069	3885_3882	1,1	0.5397	126,274	1
ref	223884	223885	3882_3879	1,1	1	208,192	1
ref	223610	223611	3879_3876	1,1	8.8059e-02	162,238	1
ref	223242	223410	3876_3874	0,168	0.7729	54,346	1
ref	223134	223135	3874_3871	1,1	1.8730e-05	135,265	1
ref	222975	222975	3871_3866	0,207	0.9138	231,169	1
ref	222815	222816	3866_3863	1,1	0.3124	72,328	1
ref	222642	222643	3863_3860	1,1	0.3141	345,55	1
ref	222559	222560	3860_3857	1,1	0.6702	242,158	1
ref	222433	222434	3857_3854	1,1	0.918	263,137	1
ref	222269	222270	3854_3851	1,1	0.7525	289,111	1
ref	222091	222092	3851_3848	1,1	1.8247e-12	147,253	1
ref	222015	222016	3848_3845	1,1	0.8358	140,260	1
ref	220680	221770	3845_3831	0,1090	0.1182	74,326	1
ref	220246	220388	3831_3829	0,142	0.3196	253,147	1
ref	220154	220155	3829_3826	1,1	0.1198	261,139	1
ref	220080	220081	3826_3823	1,1	0.6207	205,195	1
ref	219801	219802	3823_3820	1,1	0.8487	148,252	1
ref	219606	219607	3820_3817	1,1	0.5188	230,170	1
ref	219360	219361	3817_3814	1,1	0.5484	162,238	1
ref	219173	219174	3814_3811	1,1	0.8193	292,108	1
ref	219023	219024	3811_3808	1,1	0.9225	223,177	1
ref	218933	218933	3808_3785	0,1144	0.6452	353,47	1
ref	218773	218774	3785_3782	1,1	0.7418	295,105	1
ref	218644	218645	3782_3779	1,1	0.6596	290,110	1
ref	218511	218512	3779_3776	1,1	0.4854	167,233	1
ref	218367	218368	3776_3773	1,1	0.1248	195,205	1
ref	218095	218096	3773_3770	1,1	0.5371	315,85	1
ref	217871	217872	3770_3767	1,1	0.7177	34,366	1
ref	217791	217792	3767_3764	1,1	0.4377	324,76	1
ref	217109	217110	3762_3759	1,1	0.9029	327,73	1
ref	216995	216996	3759_3756	1,1	0.9154	167,233	1
ref	216786	216896	3756_3754	0,110	0.2235	28,372	1
ref	216622	216623	3754_3751	1,1	0.3036	121,279	1
ref	216554	216554	3751_3749	0,246	0.7144	370,30	1
ref	216417	216418	3749_3746	1,1	1	190,210	1
ref	216215	216216	3746_3743	1,1	0.3586	373,27	1
ref	215818	215819	3740_3737	1,1	0.2245	183,217	1
ref	215609	215610	3737_3734	1,1	0.8216	108,292	1
ref	215360	215361	3734_3731	1,1	0.6854	372,28	1
ref	214909	214910	3729_3726	1,1	3.7862e-02	291,109	1
ref	214031	214678	3726_3718	0,647	0.5503	44,356	1
ref	213911	213911	3718_3713	0,380	1.7927e-02	90,310	1
ref	213617	213618	3713_3710	1,1	0.6949	329,71	1
ref	213353	213516	3710_3708	0,163	2.3450e-06	115,285	1
ref	212820	212821	3700_3697	1,1	0.8196	96,304	1
ref	212637	212638	3697_3694	1,1	2.6252e-02	202,198	1
ref	212274	212275	3691_3688	1,1	0.9049	313,87	1
ref	212185	212185	3688_3686	0,158	6.3890e-02	180,220	1
ref	212121	212122	3686_3683	1,1	0.145	67,333	1
ref	211992	211992	3683_3678	0,233	0.1998	367,33	1
ref	211878	211879	3678_3675	1,1	1.7855e-02	59,341	1
ref	211595	211596	3675_3672	1,1	0.7518	350,50	1
ref	211535	211535	3672_3664	0,430	0.8219	296,104	1
ref	211117	211416	3664_3662	0,299	0.9216	149,251	1
ref	210909	210910	3662_3659	1,1	0.5708	315,85	1
ref	210807	210808	3659_3656	1,1	0.8053	86,314	1
ref	210658	210659	3656_3653	1,1	0.8767	351,49	1
ref	210377	210533	3653_3651	0,156	0.4146	224,176	1
ref	210108	210109	3651_3648	1,1	0.3366	371,29	1
ref	210043	210044	3648_3645	1,1	0.2926	377,23	1
ref	209885	209886	3645_3642	1,1	0.3895	361,39	1
ref	209717	209718	3642_3639	1,1	0.6832	232,168	1
ref	209517	209518	3639_3636	1,1	0.448	204,196	1
ref	209358	209359	3636_3633	1,1	0.7602	239,161	1
ref	209140	209141	3633_3630	1,1	0.5954	259,141	1
ref	208996	208997	3630_3627	1,1	0.7388	297,103	1
ref	208905	208905	3627_3613	0,955	0.2397	308,92	1
ref	208757	208758	3613_3610	1,1	0.3439	316,84	1
ref	208692	208693	3610_3607	1,1	0.2818	362,38	1
ref	208389	208468	3604_3602	0,79	0.4088	262,138	1
ref	208133	208134	3602_3599	1,1	7.6412e-02	184,216	1
ref	207942	207943	3599_3596	1,1	0.2876	122,278	1
ref	207875	207876	3596_3593	1,1	0.8261	106,294	1
ref	207720	207721	3593_3590	1,1	0.1326	221,179	1
ref	207207	207446	3590_3588	0,239	0.2169	86,314	1
ref	206876	206877	3574_3571	1,1	0.2586	85,315	1
ref	206746	206747	3571_3568	1,1	0.8351	142,258	1
ref	206528	206529	3568_3565	1,1	0.2941	315,85	1
ref	206282	206283	3565_3562	1,1	0.138	32,368	1
ref	205448	206196	3562_3548	0,748	0.4833	241,159	1
ref	205295	205295	3548_3525	0,1375	1.3360e-04	221,179	1
ref	204277	204998	3525_3517	0,721	0.411	41,359	1
ref	204169	204170	3517_3514	1,1	0.8942	65,335	1
ref	204053	204054	3514_3511	1,1	0.5989	363,37	1
ref	203772	203772	3511_3509	0,257	2.9608e-02	376,24	1
ref	203639	203639	3509_3507	0,231	0.2102	337,63	1
ref	202386	203238	3504_3490	0,852	5.1849e-04	250,150	1
ref	201774	202255	3490_3482	0,481	0.1218	50,350	1
ref	201393	201393	3479_3468	0,568	1.8171e-02	253,147	1
ref	201317	201318	3468_3465	1,1	0.4439	200,200	1
ref	201028	201029	3465_3462	1,1	0.1675	328,72	1
ref	200181	200935	3462_3451	0,754	0.8017	74,326	1
ref	199014	199973	3451_3440	0,959	0.3767	214,186	1
ref	198795	198796	3440_3437	1,1	0.5871	363,37	1
ref	198706	198707	3437_3434	1,1	0.7177	34,366	1
ref	198566	198567	3434_3431	1,1	0.8248	274,126	1
ref	198437	198438	3431_3428	1,1	0.4074	266,134	1
ref	198306	198306	3428_3426	0,154	0.4818	353,47	1
ref	197957	197958	3423_3420	1,1	0.3489	369,31	1
ref	196534	197406	3418_3404	0,872	0.2597	372,28	1
ref	196472	196472	3404_3402	0,169	0.5965	237,163	1
ref	196345	196346	3402_3399	1,1	0.2575	288,112	1
ref	196172	196172	3399_3364	0,2329	0.4625	189,211	1
ref	196105	196106	3364_3361	1,1	0.5635	174,226	1
ref	195745	195746	3359_3356	1,1	0.2207	247,153	1
ref	195531	195531	3356_3345	0,784	1.1355e-08	317,83	1
ref	195041	195291	3345_3343	0,250	0.8234	112,288	1
ref	194764	194764	3343_3341	0,154	0.6046	213,187	1
ref	194487	194488	3341_3338	1,1	6.6489e-02	194,206	1
ref	194215	194216	3338_3335	1,1	0.3776	197,203	1
ref	193922	193923	3335_3332	1,1	2.5306e-19	149,251	1
ref	193724	193725	3332_3329	1,1	0.1939	126,274	1
ref	193662	193663	3329_3326	1,1	4.5380e-11	193,207	1
ref	193567	193568	3326_3323	1,1	2.6595e-20	239,161	1
ref	193280	193281	3323_3320	1,1	0.3795	120,280	1
ref	193039	193040	3320_3317	1,1	0.6103	332,68	1
ref	192868	192869	3317_3314	1,1	0.4118	280,120	1
ref	192604	192605	3314_3311	1,1	3.5537e-10	175,225	1
ref	192304	192305	3311_3308	1,1	0.6296	98,302	1
ref	192223	192223	3308_3306	0,289	0.672	341,59	1
ref	192154	192154	3306_3292	0,805	0.2393	159,241	1
ref	191943	191944	3292_3289	1,1	0.6358	213,187	1
ref	191504	191657	3289_3287	0,153	0.4792	143,257	1
ref	191348	191349	3287_3284	1,1	0.3415	100,300	1
ref	191292	191293	3284_3281	1,1	0.6051	76,324	1
ref	191068	191069	3281_3278	1,1	0.8936	337,63	1
ref	190874	190875	3278_3275	1,1	0.1984	22,378	1
ref	190581	190582	3275_3272	1,1	7.6508e-19	327,73	1
ref	190081	190362	3272_3270	0,281	5.8800e-06	29,371	1
ref	189829	189830	3270_3267	1,1	5.3789e-03	257,143	1
ref	189565	189565	3267_3265	0,269	0.6394	380,20	1
ref	189458	189459	3265_3262	1,1	3.7853e-02	114,286	1
ref	189276	189277	3262_3259	1,1	0.8961	335,65	1
ref	189020	189021	3259_3256	1,1	0.2066	264,136	1
ref	188820	188821	3253_3250	1,1	0.1693	257,143	1
ref	188548	188548	3250_3236	0,679	1	354,46	1
ref	188062	188282	3236_3234	0,220	0.1027	251,149	1
ref	187572	187693	3232_3230	0,121	0.3483	100,300	1
ref	187490	187491	3230_3227	1,1	0.4769	157,243	1
ref	186702	187200	3227_3216	0,498	0.1209	79,321	1
ref	186605	186606	3216_3213	1,1	1	356,44	1
ref	184927	186395	3213_3184	0,1468	4.3269e-02	33,367	1
ref	184133	184133	3173_3171	0,68	0.5306	252,148	1
ref	184029	184030	3171_3168	1,1	0.8116	310,90	1
ref	183905	183906	3168_3165	1,1	0.1491	170,230	1
ref	183805	183806	3165_3162	1,1	0.3082	314,86	1
ref	183544	183716	3162_3160	0,172	6.0877e-02	103,297	1
ref	183145	183363	3160_3158	0,218	0.908	95,305	1
ref	182663	182664	3156_3153	1,1	1	330,70	1
ref	182460	182461	3153_3150	1,1	0.2219	208,192	1
ref	182273	182274	3150_3147	1,1	0.7616	191,209	1
ref	182200	182201	3147_3144	1,1	0.7057	73,327	1
ref	182109	182110	3144_3141	1,1	0.892	59,341	1
ref	182028	182029	3141_3138	1,1	0.324	345,55	1
ref	181813	181814	3138_3135	1,1	0.697	166,234	1
ref	181083	181255	3132_3130	0,172	0.4333	176,224	1
ref	180944	180945	3130_3127	1,1	0.6532	378,22	1
ref	180549	180549	3113_3111	0,177	0.8196	298,102	1
ref	180309	180310	3111_3108	1,1	0.1903	97,303	1
ref	179830	179831	3106_3103	1,1	1	342,58	1
ref	179717	179718	3103_3100	1,1	0.1317	223,177	1
ref	179561	179562	3100_3097	1,1	0.3358	82,318	1
ref	179316	179316	3097_3092	0,351	0.1142	202,198	1
ref	179128	179129	3092_3089	1,1	0.7511	261,139	1
ref	178838	178838	3089_3087	0,114	0.3833	329,71	1
ref	177948	178756	3087_3076	0,808	1	92,308	1
ref	177714	177715	3076_3073	1,1	0.3562	237,163	1
ref	177571	177572	3070_3067	1,1	0.6987	150,250	1
ref	177457	177458	3067_3064	1,1	0.7425	273,127	1
ref	177351	177351	3064_3062	0,242	0.2849	126,274	1
ref	177058	177059	3062_3059	1,1	0.7651	217,183	1
ref	176860	176861	3059_3056	1,1	0.121	203,197	1
ref	176657	176762	3056_3054	0,105	0.7644	60,340	1
ref	176381	176382	3046_3043	1,1	6.8748e-20	246,154	1
ref	176091	176092	3043_3040	1,1	0.7769	207,193	1
ref	176009	176010	3040_3037	1,1	0.2189	78,322	1
ref	175735	175736	3037_3034	1,1	0.4864	251,149	1
ref	175507	175508	3034_3031	1,1	4.1446e-24	98,302	1
ref	175435	175436	3031_3028	1,1	0.9138	273,127	1
ref	175291	175292	3028_3025	1,1	0.2137	291,109	1
ref	175186	175187	3025_3022	1,1	0.4481	30,370	1
ref	174997	174998	3022_3019	1,1	8.1171e-03	126,274	1
ref	174888	174889	3019_3016	1,1	7.2098e-02	147,253	1
ref	174788	174788	3016_3014	0,87	0.5873	369,31	1
ref	174520	174521	3014_3011	1,1	0.5274	276,124	1
ref	174454	174455	3011_3008	1,1	0.3141	345,55	1
ref	174289	174290	3008_3005	1,1	5.1832e-02	90,310	1
ref	171426	174036	3005_2964	0,2610	0.3736	20,380	1
ref	171253	171254	2964_2961	1,1	0.5541	208,192	1
ref	171149	171150	2961_2958	1,1	0.917	253,147	1
ref	170868	170869	2958_2955	1,1	0.7164	77,323	1
ref	170735	170735	2955_2947	0,416	0.7743	237,163	1
ref	170528	170528	2947_2942	0,302	0.3655	350,50	1
ref	170124	170476	2942_2937	0,352	2.4354e-02	170,230	1
ref	170026	170027	2937_2934	1,1	0.513	21,379	1
ref	169969	169970	2934_2931	1,1	0.6159	237,163	1
ref	169747	169748	2931_2928	1,1	0.8478	29,371	1
ref	169615	169616	2928_2925	1,1	0.6565	296,104	1
ref	169438	169439	2925_2922	1,1	0.8908	61,339	1
ref	169007	169143	2922_2920	0,136	0.7144	30,370	1
ref	168708	168709	2920_2917	1,1	0.7476	135,265	1
ref	167974	168646	2917_2906	0,672	5.9601e-02	28,372	1
ref	167837	167838	2906_2903	1,1	1	362,38	1
ref	167616	167617	2903_2900	1,1	0.855	367,33	1
ref	167522	167523	2900_2897	1,1	0.7619	179,221	1
ref	167444	167445	2897_2894	1,1	0.2343	57,343	1
ref	167160	167160	2894_2892	0,70	1	80,320	1
ref	166991	166992	2892_2889	1,1	4.9420e-02	208,192	1
ref	166848	166849	2889_2886	1,1	1	380,20	1
ref	166590	166737	2886_2884	0,147	0.1119	59,341	1
ref	166214	166215	2881_2878	1,1	0.7543	193,207	1
ref	166001	166002	2878_2875	1,1	0.342	171,229	1
ref	165719	165720	2875_2872	1,1	0.4955	69,331	1
ref	164543	165614	2872_2855	0,1071	0.4689	273,127	1
ref	162214	164235	2852_2823	0,2021	0.7287	105,295	1
ref	162050	162051	2823_2820	1,1	0.7304	125,275	1
ref	161935	161936	2820_2817	1,1	0.2163	50,350	1
ref	160360	161777	2817_2797	0,1417	0.735	91,309	1
ref	160128	160129	2797_2794	1,1	0.5627	293,107	1
ref	159873	159874	2791_2788	1,1	0.7491	275,125	1
ref	159794	159795	2788_2785	1,1	0.8187	379,21	1
ref	159619	159620	2785_2782	1,1	7.0319e-02	294,106	1
ref	159456	159457	2782_2779	1,1	1.7616e-07	205,195	1
ref	159347	159348	2779_2776	1,1	0.7237	87,313	1
ref	159128	159129	2776_2773	1,1	9.1257e-02	212,188	1
ref	158906	158906	2773_2753	0,1155	0.7616	209,191	1
ref	158696	158697	2753_2750	1,1	0.5569	309,91	1
ref	158410	158411	2750_2747	1,1	0.3176	224,176	1
ref	158229	158230	2747_2744	1,1	0.7775	227,173	1
ref	157971	157972	2744_2741	1,1	0.4518	291,109	1
ref	157797	157798	2741_2738	1,1	0.7455	139,261	1
ref	157642	157643	2738_2735	1,1	0.8268	152,248	1
ref	156402	157514	2735_2718	0,1112	0.3598	52,348	1
ref	156025	156158	2718_2716	0,133	0.289	272,128	1
ref	155778	155779	2716_2713	1,1	0.6602	51,349	1
ref	155483	155484	2713_2710	1,1	0.8895	69,331	1
ref	155347	155348	2710_2707	1,1	0.2242	35,365	1
ref	155169	155170	2707_2704	1,1	0.8455	202,198	1
ref	155088	155088	2704_2699	0,227	0.3382	111,289	1
ref	154878	154879	2699_2696	1,1	0.1815	260,140	1
ref	154752	154753	2696_2693	1,1	2.0330e-02	260,140	1
ref	154453	154453	2693_2691	0,203	3.4484e-02	357,43	1
ref	154311	154311	2691_2689	0,119	0.622	359,41	1
ref	154107	154108	2689_2686	1,1	9.0813e-02	362,38	1
ref	154041	154041	2686_2666	0,1164	9.1129e-21	317,83	1
ref	152966	153819	2666_2652	0,853	0.1813	336,64	1
ref	152755	152756	2652_2649	1,1	0.656	292,108	1
ref	152672	152673	2649_2646	1,1	0.1602	57,343	1
ref	152475	152476	2646_2643	1,1	0.32	328,72	1
ref	152285	152342	2643_2641	0,57	0.1105	103,297	1
ref	152174	152175	2641_2638	1,1	0.4368	332,68	1
ref	151899	151900	2638_2635	1,1	0.7415	356,44	1
ref	151710	151711	2635_2632	1,1	0.1636	95,305	1
ref	151644	151645	2632_2629	1,1	0.3412	96,304	1
ref	151469	151469	2629_2627	0,251	0.1035	340,60	1
ref	150703	151372	2627_2616	0,669	0.9156	265,135	1
ref	150602	150602	2616_2602	0,1022	0.9196	125,275	1
ref	150308	150309	2602_2599	1,1	1.4858e-02	78,322	1
ref	150055	150056	2599_2596	1,1	2.2624e-02	158,242	1
ref	149902	149903	2596_2593	1,1	0.7589	139,261	1
ref	149667	149668	2593_2590	1,1	0.6565	53,347	1
ref	149243	149426	2590_2588	0,183	0.6973	57,343	1
ref	148975	148975	2588_2577	0,699	0.7793	56,344	1
ref	148772	148773	2577_2574	1,1	2.0006e-02	300,100	1
ref	148510	148511	2574_2571	1,1	0.6065	322,78	1
ref	148310	148311	2571_2568	1,1	1	94,306	1
ref	148013	148014	2568_2565	1,1	0.2449	323,77	1
ref	147762	147763	2565_2562	1,1	0.1443	73,327	1
ref	147575	147576	2562_2559	1,1	0.8127	318,82	1
ref	147363	147363	2559_2557	0,283	0.2648	292,108	1
ref	147127	147128	2557_2554	1,1	0.5601	369,31	1
ref	146920	146988	2554_2552	0,68	0.7859	64,336	1
ref	146644	146645	2552_2549	1,1	0.7527	233,167	1
ref	146379	146380	2549_2546	1,1	0.8635	361,39	1
ref	146118	146118	2546_2538	0,692	0.2896	256,144	1
ref	145732	145733	2535_2532	1,1	0.7857	54,346	1
ref	145641	145642	2532_2529	1,1	9.0947e-02	369,31	1
ref	145372	145373	2529_2526	1,1	0.7498	161,239	1
ref	145083	145083	2526_2524	0,181	0.3164	305,95	1
ref	144807	144807	2524_2504	0,1346	4.6289e-12	292,108	1
ref	144688	144689	2504_2501	1,1	3.1361e-03	69,331	1
ref	144564	144565	2501_2498	1,1	0.213	96,304	1
ref	144248	144383	2498_2496	0,135	0.496	138,262	1
ref	144092	144093	2496_2493	1,1	0.1712	167,233	1
ref	143301	144006	2493_2482	0,705	0.3926	274,126	1
ref	143162	143163	2482_2479	1,1	0.1144	311,89	1
ref	142941	142942	2479_2476	1,1	0.776	62,338	1
ref	142111	142734	2476_2468	0,623	0.3855	128,272	1
ref	141850	141851	2468_2465	1,1	0.277	305,95	1
ref	141749	141750	2465_2462	1,1	1.2251e-09	312,88	1
ref	141329	141330	2459_2456	1,1	0.8241	260,140	1
ref	141104	141105	2456_2453	1,1	0.8388	25,375	1
ref	140796	140984	2453_2451	0,188	0.6211	84,316	1
ref	140714	140715	2451_2448	1,1	0.6854	372,28	1
ref	140570	140571	2448_2445	1,1	0.6178	110,290	1
ref	139795	140395	2445_2434	0,600	0.7576	277,123	1
ref	139736	139737	2434_2431	1,1	0.9187	193,207	1
ref	139519	139520	2431_2428	1,1	2.0153e-02	328,72	1
ref	139222	139223	2428_2425	1,1	0.6663	114,286	1
ref	138647	138945	2425_2420	0,298	5.5340e-02	55,345	1
ref	138488	138488	2420_2403	0,1069	2.9621e-02	263,137	1
ref	138250	138251	2403_2400	1,1	0.8248	274,126	1
ref	137953	137954	2400_2397	1,1	0.8624	35,365	1
ref	137792	137793	2397_2394	1,1	0.4928	67,333	1
ref	137608	137609	2394_2391	1,1	0.9158	223,177	1
ref	137438	137439	2391_2388	1,1	0.4137	117,283	1
ref	137350	137351	2388_2385	1,1	1	378,22	1
ref	137188	137189	2385_2382	1,1	0.2075	333,67	1
ref	136692	136692	2379_2374	0,300	8.8071e-02	86,314	1
ref	136451	136452	2374_2371	1,1	0.5474	256,144	1
ref	136175	136175	2371_2369	0,202	0.2365	316,84	1
ref	135647	135878	2369_2367	0,231	0.6635	264,136	1
ref	135563	135564	2367_2364	1,1	0.8912	57,343	1
ref	135284	135285	2364_2361	1,1	3.0367e-25	163,237	1
ref	135068	135069	2361_2358	1,1	9.7027e-02	340,60	1
ref	134853	134854	2358_2355	1,1	0.2643	290,110	1
ref	134663	134664	2355_2352	1,1	1	334,66	1
ref	134448	134449	2352_2349	1,1	0.2371	172,228	1
ref	134037	134037	2346_2344	0,289	6.9132e-10	120,280	1
ref	133855	133856	2344_2341	1,1	1.7657e-02	152,248	1
ref	133640	133640	2341_2339	0,266	0.9109	125,275	1
ref	133465	133466	2339_2336	1,1	0.316	307,93	1
ref	133368	133369	2336_2333	1,1	5.9744e-02	48,352	1
ref	133282	133283	2333_2330	1,1	0.5067	284,116	1
ref	133074	133075	2330_2327	1,1	0.6825	248,152	1
ref	132757	132758	2324_2321	1,1	0.6793	252,148	1
ref	132367	132368	2318_2315	1,1	0.4171	109,291	1
ref	131899	131899	2312_2307	0,325	0.5734	297,103	1
ref	131810	131811	2307_2304	1,1	0.1074	229,171	1
ref	131690	131691	2304_2301	1,1	0.754	267,133	1
ref	131476	131477	2301_2298	1,1	1	62,338	1
ref	131180	131181	2298_2295	1,1	0.117	288,112	1
ref	130882	130883	2295_2292	1,1	1	84,316	1
ref	130732	130733	2292_2289	1,1	0.4842	249,151	1
ref	130567	130567	2289_2287	0,116	0.6493	351,49	1
ref	130484	130484	2287_2282	0,403	0.9047	315,85	1
ref	130385	130386	2282_2279	1,1	1.0921e-05	68,332	1
ref	130091	130091	2279_2277	0,135	3.5099e-09	354,46	1
ref	129950	129950	2277_2269	0,699	0.908	297,103	1
ref	129843	129844	2269_2266	1,1	0.5108	256,144	1
ref	129765	129766	2266_2263	1,1	0.2208	301,99	1
ref	129361	129688	2263_2258	0,327	0.3238	192,208	1
ref	129265	129266	2258_2255	1,1	1	28,372	1
ref	129087	129088	2255_2252	1,1	0.3862	256,144	1
ref	128865	128866	2250_2247	1,1	0.846	31,369	1
ref	128733	128734	2247_2244	1,1	3.5807e-03	251,149	1
ref	128549	128550	2244_2241	1,1	0.2985	81,319	1
ref	128465	128465	2241_2239	0,141	0.1554	182,218	1
ref	128381	128382	2239_2236	1,1	0.8381	174,226	1
ref	128279	128280	2236_2233	1,1	5.6448e-02	155,245	1
ref	128127	128128	2233_2230	1,1	0.5169	284,116	1
ref	127609	127610	2225_2222	1,1	0.8065	306,94	1
ref	127545	127545	2222_2193	0,1901	0.7361	362,38	1
ref	127446	127447	2193_2190	1,1	0.8956	323,77	1
ref	127305	127305	2190_2167	0,1786	0.9156	255,145	1
ref	127193	127194	2167_2164	1,1	0.4467	310,90	1
ref	126946	126947	2164_2161	1,1	0.7481	44,356	1
ref	126534	126769	2161_2159	0,235	0.5729	204,196	1
ref	126405	126406	2159_2156	1,1	6.7140e-02	135,265	1
ref	126130	126131	2156_2153	1,1	0.7478	251,149	1
ref	126060	126060	2153_2151	0,198	0.7065	210,190	1
ref	124977	125845	2151_2137	0,868	0.9146	145,255	1
ref	124730	124731	2137_2134	1,1	0.5171	262,138	1
ref	124246	124247	2129_2126	1,1	1.9806e-26	287,113	1
ref	124188	124188	2126_2121	0,251	0.1515	90,310	1
ref	124058	124058	2121_2113	0,566	0.2178	312,88	1
ref	123821	123822	2113_2110	1,1	0.9008	91,309	1
ref	123617	123617	2110_2108	0,289	0.1795	288,112	1
ref	123529	123530	2108_2105	1,1	0.281	357,43	1
ref	123257	123258	2105_2102	1,1	1.6702e-02	67,333	1
ref	122970	122971	2102_2099	1,1	0.865	37,363	1
ref	122878	122879	2099_2096	1,1	0.1051	263,137	1
ref	122586	122587	2093_2090	1,1	0.6565	53,347	1
ref	122357	122358	2090_2087	1,1	0.916	143,257	1
ref	122290	122290	2087_2085	0,155	0.8478	371,29	1
ref	122222	122223	2085_2082	1,1	0.3597	90,310	1
ref	122101	122102	2082_2079	1,1	0.8275	21,379	1
ref	122012	122013	2079_2076	1,1	0.5911	62,338	1
ref	121664	121665	2073_2070	1,1	0.4397	287,113	1
ref	121503	121504	2070_2067	1,1	2.4448e-22	158,242	1
ref	121343	121344	2067_2064	1,1	0.3147	349,51	1
ref	121205	121206	2064_2061	1,1	0.3763	50,350	1
ref	120946	120947	2061_2058	1,1	0.2244	216,184	1
ref	120828	120829	2058_2055	1,1	0.2888	220,180	1
ref	120723	120724	2055_2052	1,1	0.7623	263,137	1
ref	120482	120483	2052_2049	1,1	0.7828	60,340	1
ref	120214	120215	2046_2043	1,1	0.4358	166,234	1
ref	119190	120085	2043_2026	0,895	0.4993	163,237	1
ref	118965	118966	2026_2023	1,1	0.7252	303,97	1
ref	118759	118759	2023_2012	0,657	1.2354e-02	256,144	1
ref	118569	118570	2012_2009	1,1	0.9143	269,131	1
ref	118516	118516	2009_2007	0,276	0.1868	85,315	1
ref	118340	118341	2007_2004	1,1	0.915	191,209	1
ref	118197	118197	2004_2002	0,263	0.4175	372,28	1
ref	117599	118065	2002_1991	0,466	1	40,360	1
ref	117540	117541	1991_1988	1,1	0.228	134,266	1
ref	117304	117305	1988_1985	1,1	0.3283	343,57	1
ref	117178	117179	1985_1982	1,1	0.3817	323,77	1
ref	117045	117045	1979_1965	0,836	0.8241	296,104	1
ref	116849	116850	1965_1962	1,1	0.1248	245,155	1
ref	116790	116791	1962_1959	1,1	0.8336	264,136	1
ref	116394	116395	1956_1953	1,1	0.7695	340,60	1
ref	116132	116133	1953_1950	1,1	0.5146	81,319	1
ref	115982	115983	1950_1947	1,1	0.4315	353,47	1
ref	115872	115873	1947_1944	1,1	0.3216	162,238	1
ref	115781	115782	1944_1941	1,1	0.1981	356,44	1
ref	115640	115641	1941_1938	1,1	0.7511	139,261	1
ref	115511	115512	1938_1935	1,1	0.6141	263,137	1
ref	115368	115368	1935_1924	0,898	0.9026	303,97	1
ref	114798	114799	1921_1918	1,1	0.3053	266,134	1
ref	114132	114655	1918_1910	0,523	3.6921e-02	341,59	1
ref	114018	114018	1910_1908	0,84	0.9033	85,315	1
ref	113964	113965	1908_1905	1,1	0.4693	302,98	1
ref	113677	113678	1905_1902	1,1	0.5992	369,31	1
ref	113556	113557	1902_1899	1,1	0.3734	104,296	1
ref	113303	113304	1899_1896	1,1	1	370,30	1
ref	113121	113122	1896_1893	1,1	0.9208	215,185	1
ref	112602	112888	1893_1891	0,286	1.6960e-10	69,331	1
ref	112478	112478	1891_1880	0,673	0.5263	274,126	1
ref	112312	112313	1880_1877	1,1	0.3008	248,152	1
ref	112137	112138	1877_1874	1,1	0.1714	347,53	1
ref	112036	112036	1874_1872	0,137	0.6532	378,22	1
ref	111897	111898	1872_1869	1,1	8.4870e-02	308,92	1
ref	111689	111690	1869_1866	1,1	0.1143	30,370	1
ref	111348	111588	1866_1864	0,240	0.5418	48,352	1
ref	111214	111215	1864_1861	1,1	0.1842	360,40	1
ref	110947	110948	1861_1858	1,1	0.2441	63,337	1
ref	110733	110734	1858_1855	1,1	8.2549e-02	71,329	1
ref	110431	110431	1852_1850	0,110	0.9175	251,149	1
ref	110220	110221	1850_1847	1,1	0.8406	192,208	1
ref	109855	110126	1847_1845	0,271	0.1759	300,100	1
ref	109502	109503	1842_1839	1,1	0.6148	183,217	1
ref	109390	109391	1839_1836	1,1	0.3848	319,81	1
ref	109143	109143	1836_1831	0,407	0.5468	202,198	1
ref	108944	108944	1831_1808	0,1291	2.3270e-29	188,212	1
ref	108779	108780	1808_1805	1,1	0.6971	28,372	1
ref	108679	108680	1805_1802	1,1	0.6172	205,195	1
ref	108492	108609	1802_1800	0,117	0.8844	343,57	1
ref	108369	108370	1800_1797	1,1	4.7422e-24	238,162	1
ref	108290	108290	1797_1792	0,339	0.5229	317,83	1
ref	108126	108127	1792_1789	1,1	0.2763	372,28	1
ref	107828	107829	1789_1786	1,1	0.2027	240,160	1
ref	107706	107707	1786_1783	1,1	0.3947	254,146	1
ref	107478	107479	1783_1780	1,1	0.1193	163,237	1
ref	107412	107413	1780_1777	1,1	0.187	192,208	1
ref	107251	107320	1777_1775	0,69	6.8343e-18	180,220	1
ref	107040	107041	1772_1769	1,1	1	326,74	1
ref	106933	106934	1769_1766	1,1	0.1479	346,54	1
ref	106279	106691	1766_1758	0,412	1.1102e-16	295,105	1
ref	106042	106043	1758_1755	1,1	0.4053	346,54	1
ref	105680	105681	1752_1749	1,1	5.1826e-03	82,318	1
ref	105391	105392	1749_1746	1,1	0.5813	60,340	1
ref	105099	105100	1746_1743	1,1	0.4525	255,145	1
ref	104668	104669	1740_1737	1,1	0.8592	361,39	1
ref	104564	104565	1737_1734	1,1	0.8333	158,242	1
ref	104454	104454	1734_1732	0,258	0.2441	127,273	1
ref	104195	104196	1732_1729	1,1	0.6383	243,157	1
ref	104022	104023	1729_1726	1,1	0.2454	115,285	1
ref	103873	103874	1726_1723	1,1	1.5151e-02	350,50	1
ref	103772	103773	1723_1720	1,1	0.6394	380,20	1
ref	103180	103181	1709_1706	1,1	0.1586	296,104	1
ref	103100	103101	1706_1703	1,1	0.6505	286,114	1
ref	103022	103023	1703_1700	1,1	6.9629e-05	359,41	1
ref	102755	102756	1700_1697	1,1	0.5206	356,44	1
ref	102684	102685	1697_1694	1,1	0.8421	230,170	1
ref	102406	102407	1694_1691	1,1	0.2217	52,348	1
ref	102280	102281	1691_1688	1,1	8.7127e-02	114,286	1
ref	102137	102138	1688_1685	1,1	6.4395e-12	248,152	1
ref	101917	101918	1685_1682	1,1	0.4118	97,303	1
ref	101137	101823	1682_1668	0,686	0.9187	143,257	1
ref	101051	101052	1668_1665	1,1	0.3327	210,190	1
ref	100730	100858	1665_1663	0,128	0.4111	93,307	1
ref	100519	100520	1663_1660	1,1	0.7215	301,99	1
ref	100462	100463	1660_1657	1,1	0.6027	137,263	1
ref	100105	100330	1657_1652	0,225	0.6793	24,376	1
ref	99762	100049	1652_1650	0,287	2.6671e-02	146,254	1
ref	99603	99604	1650_1647	1,1	0.5313	138,262	1
ref	99328	99329	1647_1644	1,1	0.2766	49,351	1
ref	98884	99106	1644_1639	0,222	0.6798	162,238	1
ref	98551	98552	1636_1633	1,1	0.5416	25,375	1
ref	98381	98382	1633_1630	1,1	1.8659e-03	77,323	1
ref	98154	98155	1630_1627	1,1	0.6729	55,345	1
ref	97877	97877	1627_1607	0,1107	0.1169	253,147	1
ref	97754	97755	1607_1604	1,1	0.4445	195,205	1
ref	97572	97572	1604_1584	0,1720	0.5843	283,117	1
ref	95582	97347	1584_1558	0,1765	0.5406	214,186	1
ref	95390	95391	1558_1555	1,1	0.3969	266,134	1
ref	95326	95327	1555_1552	1,1	0.1858	278,122	1
ref	94987	95171	1552_1550	0,184	0.6552	112,288	1
ref	94699	94700	1550_1547	1,1	0.4227	148,252	1
ref	94460	94460	1547_1545	0,65	8.4789e-02	221,179	1
ref	94311	94311	1545_1534	0,621	0.5685	301,99	1
ref	94167	94168	1534_1531	1,1	0.3851	371,29	1
ref	93958	93959	1531_1528	1,1	0.5428	228,172	1
ref	91929	93714	1528_1499	0,1785	0.5914	68,332	1
ref	91742	91743	1499_1496	1,1	2.3074e-02	97,303	1
ref	90473	91603	1496_1482	0,1130	0.3148	140,260	1
ref	90405	90406	1482_1479	1,1	0.7361	38,362	1
ref	89661	89662	1474_1471	1,1	0.6567	20,380	1
ref	89256	89256	1468_1463	0,130	8.6993e-02	237,163	1
ref	89204	89204	1463_1461	0,171	0.6994	200,200	1
ref	88251	88251	1454_1428	0,1729	0.3707	35,365	1
ref	88059	88060	1428_1425	1,1	0.7495	269,131	1
ref	87664	87665	1423_1420	1,1	4.3315e-07	336,64	1
ref	87531	87532	1420_1417	1,1	0.6105	219,181	1
ref	87428	87429	1417_1414	1,1	0.3964	161,239	1
ref	86982	86983	1411_1408	1,1	0.908	105,295	1
ref	86772	86772	1408_1406	0,76	0.7793	344,56	1
ref	86594	86595	1406_1403	1,1	0.3597	167,233	1
ref	86343	86344	1403_1400	1,1	0.3759	33,367	1
ref	86237	86238	1400_1397	1,1	2.2604e-03	214,186	1
ref	86093	86094	1397_1394	1,1	0.4177	334,66	1
ref	85897	85898	1394_1391	1,1	0.1173	113,287	1
ref	85840	85841	1391_1388	1,1	0.8396	248,152	1
ref	85175	85702	1388_1383	0,527	0.2851	195,205	1
ref	84844	84845	1380_1377	1,1	0.6743	136,264	1
ref	84672	84672	1377_1375	0,183	9.5469e-02	239,161	1
ref	84302	84303	1372_1369	1,1	0.6912	73,327	1
ref	83800	84081	1369_1364	0,281	0.7498	161,239	1
ref	83615	83616	1364_1361	1,1	0.5102	48,352	1
ref	83470	83471	1358_1355	1,1	0.3382	204,196	1
ref	83168	83325	1355_1353	0,157	7.2790e-02	326,74	1
ref	83104	83105	1353_1350	1,1	7.8049e-14	250,150	1
ref	82640	82641	1347_1344	1,1	0.9185	223,177	1
ref	81845	82465	1344_1333	0,620	0.2755	179,221	1
ref	81605	81606	1333_1330	1,1	1.2602e-17	130,270	1
ref	81518	81519	1330_1327	1,1	0.5733	105,295	1
ref	81313	81314	1327_1324	1,1	0.3044	51,349	1
ref	81248	81249	1324_1321	1,1	0.3685	22,378	1
ref	80859	81051	1321_1316	0,192	0.1975	120,280	1
ref	79612	80740	1316_1296	0,1128	0.6882	69,331	1
ref	79431	79432	1296_1293	1,1	0.671	178,222	1
ref	79332	79332	1293_1291	0,242	0.1858	317,83	1
ref	79214	79215	1291_1288	1,1	0.4653	195,205	1
ref	78921	78922	1288_1285	1,1	1	158,242	1
ref	78799	78800	1285_1282	1,1	0.7253	40,360	1
ref	78466	78661	1282_1280	0,195	0.243	75,325	1
ref	78101	78172	1280_1278	0,71	0.3458	112,288	1
ref	77914	77915	1278_1275	1,1	3.6808e-18	323,77	1
ref	77802	77803	1275_1272	1,1	0.2066	150,250	1
ref	77641	77642	1272_1269	1,1	0.7371	115,285	1
ref	77346	77347	1269_1266	1,1	9.8039e-02	89,311	1
ref	76880	76881	1260_1257	1,1	1.7994e-07	253,147	1
ref	76635	76636	1257_1254	1,1	8.0231e-12	318,82	1
ref	76406	76407	1254_1251	1,1	0.7771	205,195	1
ref	76133	76134	1251_1248	1,1	0.9022	311,89	1
ref	76001	76002	1248_1245	1,1	0.3939	224,176	1
ref	75870	75870	1245_1234	0,445	8.5846e-02	378,22	1
ref	75576	75577	1234_1231	1,1	0.5088	136,264	1
ref	75430	75431	1231_1228	1,1	0.5481	226,174	1
ref	75178	75179	1228_1225	1,1	4.2096e-02	269,131	1
ref	75036	75036	1225_1223	0,187	0.6665	345,55	1
ref	74886	74887	1223_1220	1,1	3.3307e-16	189,211	1
ref	74614	74615	1220_1217	1,1	0.6232	90,310	1
ref	74386	74387	1217_1214	1,1	0.1347	47,353	1
ref	74182	74183	1214_1211	1,1	1.8616e-02	107,293	1
ref	74077	74078	1211_1208	1,1	0.5359	132,268	1
ref	73905	73906	1208_1205	1,1	0.6178	181,219	1
ref	73618	73619	1205_1202	1,1	0.9038	309,91	1
ref	73385	73386	1199_1196	1,1	1	60,340	1
ref	73151	73151	1196_1191	0,596	0.1338	239,161	1
ref	73008	73073	1191_1189	0,65	0.5399	93,307	1
ref	72080	72767	1189_1178	0,687	1.0365e-12	228,172	1
ref	71783	71783	1178_1173	0,272	1	62,338	1
ref	71690	71690	1173_1159	0,1013	0.9151	245,155	1
ref	71590	71591	1159_1156	1,1	0.6296	98,302	1
ref	71303	71304	1156_1153	1,1	0.3625	82,318	1
ref	71141	71142	1153_1150	1,1	0.9018	315,85	1
ref	70845	70846	1150_1147	1,1	6.6613e-16	332,68	1
ref	70586	70587	1147_1144	1,1	0.6292	106,294	1
ref	70258	70372	1144_1142	0,114	0.6258	39,361	1
ref	69977	69978	1139_1136	1,1	0.5466	196,204	1
ref	69893	69893	1136_1134	0,144	0.5639	350,50	1
ref	69689	69689	1134_1126	0,397	8.4333e-03	246,154	1
ref	69632	69633	1126_1123	1,1	9.3119e-11	285,115	1
ref	68939	69017	1121_1119	0,78	0.2817	239,161	1
ref	68333	68643	1119_1114	0,310	0.3185	230,170	1
ref	68089	68090	1114_1111	1,1	0.4118	160,240	1
ref	67841	67842	1111_1108	1,1	3.3888e-02	350,50	1
ref	67671	67672	1108_1105	1,1	0.3873	184,216	1
ref	67557	67558	1105_1102	1,1	0.4358	121,279	1
ref	67386	67386	1102_1094	0,538	0.4641	261,139	1
ref	67119	67119	1094_1089	0,299	2.7311e-14	202,198	1
ref	66623	66712	1083_1081	0,89	0.7448	135,265	1
ref	66549	66550	1081_1078	1,1	0.2142	191,209	1
ref	66461	66462	1078_1075	1,1	1	192,208	1
ref	66171	66171	1075_1073	0,236	0.5375	278,122	1
ref	66016	66017	1073_1070	1,1	6.6760e-02	72,328	1
ref	65958	65959	1070_1067	1,1	0.5443	238,162	1
ref	65121	65818	1067_1059	0,697	0.8047	74,326	1
ref	64960	64960	1059_1057	0,89	0.3588	219,181	1
ref	64168	64706	1057_1052	0,538	1.0902e-13	80,320	1
ref	64024	64025	1052_1049	1,1	0.538	194,206	1
ref	63816	63817	1049_1046	1,1	0.4262	198,202	1
ref	63596	63596	1046_1038	0,635	3.6227e-02	362,38	1
ref	63353	63353	1038_1027	0,972	0.2383	174,226	1
ref	63094	63095	1027_1024	1,1	0.4278	74,326	1
ref	62876	62877	1024_1021	1,1	0.2276	63,337	1
ref	62726	62727	1021_1018	1,1	0.752	249,151	1
ref	61893	62457	1018_1007	0,564	0.4665	161,239	1
ref	61632	61633	1007_1004	1,1	0.7387	36,364	1
ref	61469	61470	1004_1001	1,1	1	50,350	1
ref	61145	61224	1001_999	0,79	0.5067	116,284	1
ref	60945	60945	999_985	0,671	0.4421	176,224	1
ref	60775	60776	985_982	1,1	2.5027e-03	336,64	1
ref	60602	60603	982_979	1,1	0.4069	47,353	1
ref	60427	60428	979_976	1,1	0.5188	40,360	1
ref	60282	60283	976_973	1,1	1	224,176	1
ref	59784	60076	973_971	0,292	0.3371	249,151	1
ref	59604	59605	971_968	1,1	3.9968e-15	226,174	1
ref	59349	59350	968_965	1,1	0.511	282,118	1
ref	58762	58974	962_960	0,212	0.2173	76,324	1
ref	58571	58572	960_957	1,1	0.3246	260,140	1
ref	58412	58413	957_954	1,1	0.848	190,210	1
ref	58135	58136	954_951	1,1	0.7323	301,99	1
ref	57897	57898	951_948	1,1	0.7402	275,125	1
ref	57829	57830	948_945	1,1	0.3602	367,33	1
ref	57537	57538	945_942	1,1	0.292	242,158	1
ref	57464	57465	942_939	1,1	0.2849	179,221	1
ref	57061	57317	939_934	0,256	0.411	359,41	1
ref	56805	56806	934_931	1,1	0.1862	44,356	1
ref	56739	56739	931_929	0,238	0.8344	182,218	1
ref	56474	56474	929_927	0,62	0.4764	343,57	1
ref	56209	56210	927_924	1,1	0.8834	345,55	1
ref	56059	56060	924_921	1,1	0.8173	100,300	1
ref	55907	55908	921_918	1,1	3.1080e-02	291,109	1
ref	55258	55660	918_913	0,402	0.2116	250,150	1
ref	55136	55137	913_910	1,1	1	366,34	1
ref	54864	54865	910_907	1,1	0.2261	154,246	1
ref	54688	54689	907_904	1,1	0.6912	73,327	1
ref	54542	54542	904_890	0,1048	0.9104	297,103	1
ref	53755	54336	890_885	0,581	0.488	100,300	1
ref	53560	53561	885_882	1,1	0.485	173,227	1
ref	52025	53376	882_862	0,1351	0.6644	120,280	1
ref	51755	51756	862_859	1,1	0.3685	244,156	1
ref	51489	51490	859_856	1,1	0.4417	225,175	1
ref	51285	51286	856_853	1,1	0.2918	314,86	1
ref	51126	51127	853_850	1,1	0.7607	215,185	1
ref	50991	50992	850_847	1,1	0.3267	277,123	1
ref	50593	50795	847_845	0,202	0.2974	158,242	1
ref	50385	50386	845_842	1,1	0.8493	27,373	1
ref	50246	50247	842_839	1,1	5.7627e-02	122,278	1
ref	50140	50141	839_836	1,1	0.5958	271,129	1
ref	49966	49967	836_833	1,1	0.8936	337,63	1
ref	49897	49898	833_830	1,1	0.2774	366,34	1
ref	49790	49791	830_827	1,1	9.8780e-02	367,33	1
ref	49676	49677	827_824	1,1	0.6127	189,211	1
ref	49596	49597	824_821	1,1	0.8228	238,162	1
ref	49351	49352	821_818	1,1	0.6184	217,183	1
ref	49096	49097	818_815	1,1	0.6464	124,276	1
ref	48836	48837	815_812	1,1	0.5557	87,313	1
ref	48559	48631	812_810	0,72	4.4314e-02	36,364	1
ref	48311	48312	810_807	1,1	0.2016	207,193	1
ref	48129	48129	807_805	0,93	1	354,46	1
ref	47991	47992	805_802	1,1	3.6540e-02	100,300	1
ref	47503	47504	799_796	1,1	0.5423	194,206	1
ref	47314	47315	796_793	1,1	2.0748e-19	235,165	1
ref	47126	47127	793_790	1,1	0.7909	66,334	1
ref	46908	46908	790_773	0,1018	0.5699	234,166	1
ref	46814	46814	773_765	0,621	0.1211	114,286	1
ref	46518	46519	765_762	1,1	0.5873	31,369	1
ref	46103	46374	762_760	0,271	0.1892	31,369	1
ref	45935	45936	760_757	1,1	0.3972	144,256	1
ref	45773	45773	757_749	0,561	0.4419	297,103	1
ref	45679	45680	749_746	1,1	7.2605e-02	352,48	1
ref	45433	45434	746_743	1,1	0.714	319,81	1
ref	44915	44915	741_736	0,201	0.4571	82,318	1
ref	44709	44710	736_733	1,1	1.6748e-05	58,342	1
ref	44421	44422	733_730	1,1	0.6597	264,136	1
ref	44301	44302	730_727	1,1	0.6588	59,341	1
ref	42669	44076	727_707	0,1407	0.1905	129,271	1
ref	42439	42440	707_704	1,1	0.7361	362,38	1
ref	42379	42380	704_701	1,1	9.1130e-06	317,83	1
ref	42185	42186	701_698	1,1	0.6306	318,82	1
ref	41962	41963	695_692	1,1	0.9165	157,243	1
ref	40104	41682	692_669	0,1578	0.1136	37,363	1
ref	39563	39564	666_663	1,1	7.2646e-03	118,282	1
ref	39391	39392	663_660	1,1	0.2265	99,301	1
ref	39189	39190	660_657	1,1	0.4522	200,200	1
ref	39021	39022	657_654	1,1	1.4874e-05	103,297	1
ref	38742	38742	654_637	0,1017	0.6836	258,142	1
ref	38454	38454	637_623	0,905	0.3736	380,20	1
ref	38268	38269	623_620	1,1	5.6979e-05	292,108	1
ref	38094	38094	620_588	0,1731	1.0234e-02	283,117	1
ref	37639	37640	585_582	1,1	9.6466e-26	174,226	1
ref	37550	37550	582_565	0,1184	0.8193	308,92	1
ref	37348	37349	565_562	1,1	5.2403e-14	235,165	1
ref	36752	37125	562_557	0,373	1	60,340	1
ref	36665	36666	557_554	1,1	1.6095e-02	51,349	1
ref	36400	36401	554_551	1,1	0.5141	122,278	1
ref	36276	36277	551_548	1,1	1.9845e-17	188,212	1
ref	34873	34874	528_525	1,1	2.9793e-17	295,105	1
ref	34656	34657	525_522	1,1	0.428	162,238	1
ref	34586	34587	522_519	1,1	2.0013e-02	185,215	1
ref	34358	34359	519_516	1,1	0.7285	362,38	1
ref	34279	34279	516_514	0,149	0.8923	335,65	1
ref	34108	34199	514_512	0,91	0.6785	160,240	1
ref	33783	33784	501_498	1,1	0.7194	315,85	1
ref	32943	33562	498_487	0,619	6.6031e-02	25,375	1
ref	32693	32693	487_464	0,1644	0.1575	297,103	1
ref	32441	32442	464_461	1,1	0.4033	89,311	1
ref	31782	32164	461_456	0,382	4.3269e-02	33,367	1
ref	30943	31496	456_448	0,553	0.4761	161,239	1
ref	30810	30811	448_445	1,1	0.4056	43,357	1
ref	29982	30273	442_440	0,291	0.8267	282,118	1
ref	29529	29530	438_435	1,1	0.3774	212,188	1
ref	29345	29346	435_432	1,1	9.2526e-13	280,120	1
ref	29208	29209	432_429	1,1	0.2242	73,327	1
ref	29113	29114	429_426	1,1	0.1569	64,336	1
ref	28649	29011	426_421	0,362	0.679	256,144	1
ref	28568	28569	421_418	1,1	0.6873	178,222	1
ref	28288	28288	418_413	0,340	0.3759	138,262	1
ref	28061	28062	413_410	1,1	0.917	253,147	1
ref	27872	27873	410_407	1,1	0.5442	216,184	1
ref	27783	27784	407_404	1,1	9.5850e-03	158,242	1
ref	27551	27552	404_401	1,1	0.5375	178,222	1
ref	27486	27487	401_398	1,1	1.7026e-02	109,291	1
ref	27361	27362	398_395	1,1	0.3759	367,33	1
ref	27112	27113	395_392	1,1	1	342,58	1
ref	27035	27036	392_389	1,1	0.6881	63,337	1
ref	26742	26743	389_386	1,1	0.6392	104,296	1
ref	26535	26536	386_383	1,1	0.1759	298,102	1
ref	26266	26267	383_380	1,1	0.9065	91,309	1
ref	26098	26099	380_377	1,1	0.8237	122,278	1
ref	25751	25822	377_375	0,71	0.8236	290,110	1
ref	25510	25669	375_370	0,159	7.3876e-26	107,293	1
ref	25218	25219	370_367	1,1	0.4106	150,250	1
ref	24927	24928	367_364	1,1	0.2568	357,43	1
ref	24828	24829	364_361	1,1	0.2793	126,274	1
ref	24681	24682	361_358	1,1	0.3154	234,166	1
ref	24553	24554	358_355	1,1	0.4741	32,368	1
ref	24312	24313	355_352	1,1	0.6632	355,45	1
ref	23515	23937	349_344	0,422	0.5315	132,268	1
ref	23238	23239	344_341	1,1	8.4101e-02	73,327	1
ref	23134	23134	341_339	0,253	0.1074	379,21	1
ref	23075	23076	339_336	1,1	0.9156	175,225	1
ref	22613	22855	336_334	0,242	2.3994e-02	48,352	1
ref	22248	22249	329_326	1,1	0.1448	250,150	1
ref	22131	22131	326_309	0,1231	0.2005	226,174	1
ref	22041	22042	309_306	1,1	9.9457e-21	108,292	1
ref	20953	21969	306_292	0,1016	0.136	178,222	1
ref	20571	20667	292_290	0,96	0.478	116,284	1
ref	20374	20375	290_287	1,1	7.7336e-02	231,169	1
ref	20098	20099	287_284	1,1	1	242,158	1
ref	19854	19855	284_281	1,1	0.2593	231,169	1
ref	19579	19580	281_278	1,1	0.3482	152,248	1
ref	19353	19522	278_276	0,169	0.1185	293,107	1
ref	19174	19175	276_273	1,1	0.5202	128,272	1
ref	19039	19040	273_270	1,1	0.896	71,329	1
ref	18946	18947	270_267	1,1	0.8751	51,349	1
ref	18802	18802	267_265	0,113	2.7035e-17	205,195	1
ref	18502	18503	265_262	1,1	0.8122	100,300	1
ref	18355	18355	262_251	0,638	0.8765	355,45	1
ref	18284	18285	251_248	1,1	0.8765	45,355	1
ref	17276	17277	240_237	1,1	0.3841	299,101	1
ref	17194	17195	237_234	1,1	0.8	78,322	1
ref	17008	17009	234_231	1,1	0.8341	140,260	1
ref	16946	16947	231_228	1,1	0.5508	202,198	1
ref	16661	16662	228_225	1,1	3.3688e-02	371,29	1
ref	16426	16427	225_222	1,1	0.2097	356,44	1
ref	16314	16314	222_220	0,94	0.513	379,21	1
ref	15950	15951	217_214	1,1	0.8945	81,319	1
ref	15719	15720	214_211	1,1	0.9234	193,207	1
ref	15431	15432	208_205	1,1	0.4879	368,32	1
ref	15232	15232	205_203	0,213	0.8167	90,310	1
ref	14941	14942	203_200	1,1	0.6982	176,224	1
ref	14551	14838	200_198	0,287	0.5736	156,244	1
ref	14393	14394	198_195	1,1	0.8498	33,367	1
ref	14205	14291	195_193	0,86	1	28,372	1
ref	14005	14006	193_190	1,1	0.1177	278,122	1
ref	13710	13711	190_187	1,1	0.4251	45,355	1
ref	13553	13554	187_184	1,1	0.6708	130,270	1
ref	13107	13108	181_178	1,1	0.242	344,56	1
ref	12930	12931	178_175	1,1	0.5235	254,146	1
ref	12652	12653	175_172	1,1	0.4023	62,338	1
ref	11725	12525	172_161	0,800	0.6392	96,304	1
ref	11444	11445	161_158	1,1	4.1785e-02	309,91	1
ref	11344	11344	158_153	0,405	0.3442	291,109	1
ref	11048	11247	153_151	0,199	0.8304	272,128	1
ref	10836	10837	151_148	1,1	0.2642	237,163	1
ref	10634	10635	148_145	1,1	0.9134	291,109	1
ref	10527	10528	145_142	1,1	0.4583	316,84	1
ref	10298	10299	142_139	1,1	0.6344	304,96	1
ref	10082	10083	139_136	1,1	0.6971	372,28	1
ref	9949	9950	136_133	1,1	0.5086	67,333	1
ref	9736	9737	133_130	1,1	0.2239	86,314	1
ref	9223	9482	130_125	0,259	0.2003	187,213	1
ref	9038	9039	125_122	1,1	0.3419	257,143	1
ref	8400	8782	122_117	0,382	0.7089	71,329	1
ref	8161	8162	117_114	1,1	0.551	52,348	1
ref	7950	7951	114_111	1,1	0.5269	168,232	1
ref	7785	7786	111_108	1,1	7.6041e-02	313,87	1
ref	7709	7710	108_105	1,1	0.1564	54,346	1
ref	7540	7541	105_102	1,1	6.8617e-02	343,57	1
ref	6479	7317	102_88	0,838	0.113	55,345	1
ref	6392	6392	88_86	0,256	9.4848e-07	171,229	1
ref	6115	6116	86_83	1,1	4.3166e-03	50,350	1
ref	5933	5934	83_80	1,1	1.0844e-04	354,46	1
ref	5727	5728	80_77	1,1	0.1288	195,205	1
ref	5623	5623	77_75	0,121	0.8257	23,377	1
ref	5405	5406	75_72	1,1	4.0902e-02	150,250	1
ref	5186	5187	72_69	1,1	0.5626	342,58	1
ref	4938	4939	69_66	1,1	0.8418	371,29	1
ref	4869	4870	66_63	1,1	0.5468	180,220	1
ref	4770	4771	63_60	1,1	0.5551	54,346	1
ref	4423	4424	57_54	1,1	0.6018	328,72	1
ref	3945	4128	52_50	0,183	0.1882	179,221	1
ref	3749	3749	50_48	0,80	4.3321e-03	187,213	1
ref	3552	3553	48_45	1,1	0.4947	255,145	1
ref	3426	3427	45_42	1,1	0.7144	30,370	1
ref	2824	2825	37_34	1,1	0.8928	327,73	1
ref	2711	2712	34_31	1,1	1.1526e-05	52,348	1
ref	2655	2656	31_28	1,1	0.7014	150,250	1
ref	2485	2486	28_25	1,1	9.6364e-02	272,128	1
ref	2340	2341	25_22	1,1	0.8038	300,100	1
ref	1682	2117	22_14	0,435	7.6149e-12	153,247	1
ref	1397	1545	14_12	0,148	0.5337	79,321	1
ref	1283	1284	12_9	1,1	9.5171e-02	73,327	1
ref	411	989	9_1	0,578	0.1532	325,75	1
ref	11344	11344	157_154	1,1	0.4009	33,76	2
ref	12284	12285	171_168	1,1	0.5328	42,262	2
ref	12125	12126	168_165	1,1	0.2738	63,241	2
ref	17556	17557	244_241	1,1	0.6234	45,355	2
ref	18355	18355	261_258	1,1	3.6804e-02	17,28	2
ref	18355	18355	258_255	1,1	5.7005e-02	26,19	2
ref	18355	18355	255_252	1,1	0.5931	3,42	2
ref	21847	21848	305_302	1,1	0.9342	204,18	2
ref	21593	21594	302_299	1,1	3.3842e-04	113,109	2
ref	21326	21327	299_296	1,1	0.8034	113,109	2
ref	22131	22131	325_322	1,1	0.972	91,83	2
ref	22131	22131	322_319	1,1	0.6352	9,165	2
ref	22131	22131	316_313	1,1	0.1763	11,163	2
ref	22131	22131	313_310	1,1	0.8036	34,140	2
ref	22337	22337	333_330	1,1	0.8003	7,8	2
ref	23651	23652	348_345	1,1	0.6147	132,136	2
ref	25600	25601	374_371	1,1	0.7921	278,15	2
ref	28288	28288	417_414	1,1	0.7944	153,109	2
ref	28920	28921	425_422	1,1	0.5401	23,121	2
ref	31240	31241	455_452	1,1	0.9017	14,225	2
ref	31118	31119	452_449	1,1	0.4114	166,73	2
ref	32045	32046	460_457	1,1	0.8759	135,232	2
ref	32693	32693	486_483	1,1	0.9451	39,64	2
ref	32693	32693	483_480	1,1	0.8948	65,38	2
ref	32693	32693	480_477	1,1	0.7549	95,8	2
ref	32693	32693	477_474	1,1	0.2931	50,53	2
ref	32693	32693	474_471	1,1	0.9047	46,57	2
ref	32693	32693	471_468	1,1	0.2353	14,89	2
ref	33436	33437	497_494	1,1	0.5689	338,37	2
ref	33256	33257	494_491	1,1	0.1218	105,270	2
ref	33095	33096	491_488	1,1	0.9352	33,342	2
ref	34042	34042	511_508	1,1	0.244	5,12	2
ref	34042	34042	508_505	1,1	0.5166	2,15	2
ref	35877	35878	547_544	1,1	0.1281	272,128	2
ref	35522	35523	541_538	1,1	1	366,34	2
ref	35336	35337	538_535	1,1	0.7594	257,143	2
ref	35251	35252	535_532	1,1	0.8318	136,264	2
ref	35177	35178	532_529	1,1	5.0702e-05	279,121	2
ref	36967	36968	561_558	1,1	9.0647e-02	187,153	2
ref	37550	37550	566_569	1,1	0.7466	11,81	2
ref	37550	37550	569_572	1,1	0.7337	38,54	2
ref	37550	37550	572_575	1,1	0.7206	11,81	2
ref	37550	37550	575_578	1,1	0.5309	56,36	2
ref	37550	37550	578_581	1,1	0.5345	68,24	2
ref	38094	38094	619_616	1,1	0.7194	110,7	2
ref	38094	38094	616_613	1,1	0.2092	89,28	2
ref	38094	38094	613_610	1,1	1.7810e-03	41,76	2
ref	38094	38094	610_607	1,1	7.2515e-02	69,48	2
ref	38094	38094	607_604	1,1	0.7105	47,70	2
ref	38094	38094	604_601	1,1	0.8313	58,59	2
ref	38094	38094	601_598	1,1	0.1005	53,64	2
ref	38094	38094	595_592	1,1	0.8991	45,72	2
ref	38094	38094	592_589	1,1	0.9588	17,100	2
ref	38454	38454	630_627	1,1	0.4049	6,14	2
ref	38454	38454	627_624	1,1	0.4401	7,13	2
ref	38742	38742	653_650	1,1	0.7662	45,97	2
ref	38742	38742	650_647	1,1	0.5037	72,70	2
ref	38742	38742	647_644	1,1	0.9552	22,120	2
ref	38742	38742	644_641	1,1	0.1613	36,106	2
ref	41403	41404	691_688	1,1	1.2222e-09	117,246	2
ref	41059	41060	685_682	1,1	5.5535e-04	26,337	2
ref	40922	40923	682_679	1,1	0.739	278,85	2
ref	40499	40500	676_673	1,1	0.1469	51,312	2
ref	43853	43854	726_723	1,1	0.4604	23,248	2
ref	43629	43630	723_720	1,1	3.9854e-12	219,52	2
ref	43403	43404	720_717	1,1	9.6119e-02	54,217	2
ref	43263	43264	717_714	1,1	0.776	74,197	2
ref	43046	43047	714_711	1,1	0.209	56,215	2
ref	42955	42956	711_708	1,1	0.8804	249,22	2
ref	44915	44915	740_737	1,1	0.5109	79,239	2
ref	45773	45773	756_753	1,1	0.3873	14,89	2
ref	45773	45773	753_750	1,1	2.5669e-05	38,65	2
ref	46814	46814	772_769	1,1	0.7322	58,228	2
ref	46814	46814	769_766	1,1	0.6761	56,230	2
ref	46908	46908	789_786	1,1	0.4169	101,65	2
ref	46908	46908	786_783	1,1	0.734	23,143	2
ref	46908	46908	783_780	1,1	0.5562	80,86	2
ref	46908	46908	780_777	1,1	0.4046	13,153	2
ref	46908	46908	777_774	1,1	0.238	10,156	2
ref	52708	52709	875_872	1,1	0.1957	51,229	2
ref	52524	52525	872_869	1,1	0.1754	225,55	2
ref	52433	52434	869_866	1,1	0.8479	238,42	2
ref	52189	52190	866_863	1,1	4.5548e-02	66,214	2
ref	54036	54037	889_886	1,1	0.4589	83,217	2
ref	54542	54542	903_900	1,1	0.25	19,84	2
ref	54542	54542	897_894	1,1	0.6049	31,72	2
ref	54542	54542	894_891	1,1	0.5107	40,63	2
ref	55411	55412	917_914	1,1	0.7456	16,134	2
ref	57172	57173	935_938	1,1	0.9098	25,16	2
ref	60945	60945	998_995	1,1	0.2063	89,135	2
ref	60945	60945	995_992	1,1	0.2234	69,155	2
ref	60945	60945	992_989	1,1	0.7937	99,125	2
ref	60945	60945	989_986	1,1	0.9396	74,150	2
ref	62238	62239	1017_1014	1,1	0.4079	196,43	2
ref	63353	63353	1037_1034	1,1	0.4833	71,155	2
ref	63353	63353	1034_1031	1,1	1.5815e-02	48,178	2
ref	63353	63353	1031_1028	1,1	0.3169	13,213	2
ref	63596	63596	1045_1042	1,1	0.6892	7,31	2
ref	63596	63596	1042_1039	1,1	0.2872	2,36	2
ref	64463	64464	1056_1053	1,1	0.3899	128,192	2
ref	65601	65602	1066_1063	1,1	0.7283	49,277	2
ref	67119	67119	1093_1090	1,1	0.2117	122,76	2
ref	67386	67386	1101_1098	1,1	7.2911e-02	11,128	2
ref	67386	67386	1098_1095	1,1	3.1308e-02	90,49	2
ref	68553	68554	1118_1115	1,1	0.9869	32,138	2
ref	69689	69689	1133_1130	1,1	0.8631	59,95	2
ref	69689	69689	1130_1127	1,1	0.4163	100,54	2
ref	71690	71690	1169_1166	1,1	0.1635	70,85	2
ref	71690	71690	1166_1163	1,1	0.5001	73,82	2
ref	71690	71690	1163_1160	1,1	0.6135	92,63	2
ref	71783	71783	1177_1174	1,1	0.2291	250,88	2
ref	72495	72496	1188_1185	1,1	9.8611e-02	32,140	2
ref	72379	72380	1185_1182	1,1	0.3923	89,83	2
ref	72288	72289	1182_1179	1,1	0.1673	30,142	2
ref	73151	73151	1195_1192	1,1	0.9556	97,64	2
ref	75870	75870	1244_1241	1,1	0.1861	3,19	2
ref	75870	75870	1241_1238	1,1	0.6783	9,13	2
ref	75870	75870	1238_1235	1,1	0.2337	3,19	2
ref	80474	80475	1315_1312	1,1	7.4159e-02	61,270	2
ref	80419	80420	1312_1309	1,1	0.1805	50,281	2
ref	80154	80155	1306_1303	1,1	0.6396	77,254	2
ref	80047	80048	1303_1300	1,1	0.5541	243,88	2
ref	79814	79815	1300_1297	1,1	0.8443	37,294	2
ref	80957	80958	1320_1317	1,1	0.5843	252,28	2
ref	82318	82319	1343_1340	1,1	0.964	98,123	2
ref	82172	82173	1340_1337	1,1	0.5779	75,146	2
ref	81959	81960	1337_1334	1,1	0.9729	206,15	2
ref	83958	83959	1368_1365	1,1	0.2841	87,152	2
ref	85449	85450	1384_1387	1,1	0.1821	64,141	2
ref	88251	88251	1450_1447	1,1	0.9249	102,263	2
ref	88251	88251	1447_1444	1,1	0.1756	218,147	2
ref	88251	88251	1444_1441	1,1	0.1284	93,272	2
ref	88251	88251	1441_1438	1,1	0.5848	216,149	2
ref	88251	88251	1438_1435	1,1	0.3704	250,115	2
ref	88251	88251	1435_1432	1,1	0.6068	205,160	2
ref	88616	88617	1458_1455	1,1	0.2072	3,13	2
ref	89256	89256	1467_1464	1,1	0.9767	109,54	2
ref	91408	91409	1495_1492	1,1	0.2922	34,226	2
ref	90899	90900	1489_1486	1,1	2.1050e-03	39,221	2
ref	90650	90651	1486_1483	1,1	0.7827	198,62	2
ref	93500	93501	1527_1524	1,1	1.5103e-03	106,226	2
ref	93322	93323	1524_1521	1,1	0.6716	290,42	2
ref	93188	93189	1521_1518	1,1	0.9975	136,196	2
ref	93069	93070	1518_1515	1,1	0.7043	113,219	2
ref	92878	92879	1515_1512	1,1	7.2394e-02	205,127	2
ref	92720	92721	1512_1509	1,1	0.2611	40,292	2
ref	92425	92426	1509_1506	1,1	7.3181e-02	72,260	2
ref	92184	92185	1506_1503	1,1	0.5059	28,304	2
ref	92054	92055	1503_1500	1,1	0.6982	53,279	2
ref	94311	94311	1544_1541	1,1	0.3531	54,45	2
ref	94311	94311	1538_1535	1,1	2.7113e-02	44,55	2
ref	97152	97153	1583_1580	1,1	2.5089e-04	17,169	2
ref	96998	96999	1580_1577	1,1	0.8416	52,134	2
ref	96894	96895	1577_1574	1,1	0.8409	111,75	2
ref	96661	96662	1574_1571	1,1	0.9038	135,51	2
ref	96219	96220	1568_1565	1,1	0.5104	10,176	2
ref	95954	95955	1565_1562	1,1	0.1932	49,137	2
ref	95778	95779	1562_1559	1,1	0.7694	13,173	2
ref	97572	97572	1603_1600	1,1	0.7704	81,36	2
ref	97572	97572	1600_1597	1,1	0.1511	33,84	2
ref	97572	97572	1597_1594	1,1	0.917	77,40	2
ref	97572	97572	1594_1591	1,1	0.6377	23,94	2
ref	97572	97572	1591_1588	1,1	0.305	74,43	2
ref	97572	97572	1588_1585	1,1	0.117	62,55	2
ref	97877	97877	1626_1623	1,1	0.1948	53,94	2
ref	97877	97877	1623_1620	1,1	0.5684	85,62	2
ref	97877	97877	1620_1617	1,1	0.3983	11,136	2
ref	97877	97877	1617_1614	1,1	0.2452	19,128	2
ref	97877	97877	1614_1611	1,1	0.6277	47,100	2
ref	97877	97877	1611_1608	1,1	0.3088	25,122	2
ref	99029	99030	1643_1640	1,1	0.8996	165,73	2
ref	100230	100231	1656_1653	1,1	2.8213e-02	293,83	2
ref	101638	101639	1681_1678	1,1	0.4691	39,218	2
ref	101428	101429	1675_1672	1,1	0.1692	72,185	2
ref	101343	101344	1672_1669	1,1	0.7977	13,244	2
ref	106524	106525	1765_1762	1,1	0.7179	82,23	2
ref	106455	106456	1762_1759	1,1	0.5322	10,95	2
ref	108290	108290	1796_1793	1,1	0.7912	35,48	2
ref	108944	108944	1830_1827	1,1	6.9925e-03	57,155	2
ref	108944	108944	1827_1824	1,1	0.9619	21,191	2
ref	108944	108944	1824_1821	1,1	0.6751	58,154	2
ref	108944	108944	1821_1818	1,1	0.9051	193,19	2
ref	108944	108944	1818_1815	1,1	0.825	45,167	2
ref	108944	108944	1815_1812	1,1	0.9832	105,107	2
ref	108944	108944	1812_1809	1,1	0.6007	60,152	2
ref	109143	109143	1835_1832	1,1	4.8331e-02	160,38	2
ref	112478	112478	1890_1887	1,1	0.8545	18,108	2
ref	112478	112478	1887_1884	1,1	0.6862	107,19	2
ref	112478	112478	1884_1881	1,1	0.3654	74,52	2
ref	114500	114501	1917_1914	1,1	0.2973	48,11	2
ref	114383	114384	1914_1911	1,1	0.5891	14,45	2
ref	115368	115368	1934_1931	1,1	0.9482	26,71	2
ref	115368	115368	1931_1928	1,1	8.2474e-02	28,69	2
ref	115368	115368	1928_1925	1,1	0.3148	17,80	2
ref	117045	117045	1978_1975	1,1	0.6507	43,61	2
ref	117045	117045	1975_1972	1,1	0.4525	31,73	2
ref	117045	117045	1972_1969	1,1	0.1125	6,98	2
ref	117045	117045	1969_1966	1,1	0.9919	31,73	2
ref	118008	118009	2001_1998	1,1	0.6459	147,213	2
ref	117837	117838	1998_1995	1,1	6.5895e-02	125,235	2
ref	117738	117739	1995_1992	1,1	0.8703	174,186	2
ref	118759	118759	2022_2019	1,1	0.8706	10,134	2
ref	118759	118759	2019_2016	1,1	0.1761	46,98	2
ref	118759	118759	2016_2013	1,1	0.3611	47,97	2
ref	119369	119370	2027_2030	1,1	8.8967e-02	76,161	2
ref	119607	119608	2033_2036	1,1	0.6261	185,52	2
ref	119851	119852	2036_2039	1,1	0.2546	17,220	2
ref	119997	119998	2039_2042	1,1	0.1789	192,45	2
ref	124058	124058	2120_2117	1,1	0.3918	7,81	2
ref	124058	124058	2117_2114	1,1	1.4319e-02	12,76	2
ref	124188	124188	2125_2122	1,1	0.2528	71,239	2
ref	125055	125056	2138_2141	1,1	0.7658	101,154	2
ref	125274	125275	2141_2144	1,1	0.5597	38,217	2
ref	125562	125563	2144_2147	1,1	0.8175	26,229	2
ref	125739	125740	2147_2150	1,1	0.899	65,190	2
ref	127305	127305	2189_2186	1,1	2.2373e-03	115,30	2
ref	127305	127305	2186_2183	1,1	0.7754	66,79	2
ref	127305	127305	2183_2180	1,1	0.4285	32,113	2
ref	127305	127305	2180_2177	1,1	0.7526	53,92	2
ref	127305	127305	2177_2174	1,1	0.131	94,51	2
ref	127305	127305	2174_2171	1,1	0.663	48,97	2
ref	127305	127305	2171_2168	1,1	0.2995	36,109	2
ref	127545	127545	2221_2218	1,1	0.8102	24,14	2
ref	127545	127545	2215_2212	1,1	0.2048	31,7	2
ref	127545	127545	2212_2209	1,1	0.5984	28,10	2
ref	127545	127545	2209_2206	1,1	0.8202	29,9	2
ref	127545	127545	2206_2203	1,1	0.2766	26,12	2
ref	127545	127545	2203_2200	1,1	0.5593	26,12	2
ref	127545	127545	2200_2197	1,1	0.8202	9,29	2
ref	127545	127545	2197_2194	1,1	0.9036	15,23	2
ref	129620	129621	2262_2259	1,1	0.2137	34,174	2
ref	129950	129950	2276_2273	1,1	0.888	26,77	2
ref	129950	129950	2273_2270	1,1	0.8998	52,51	2
ref	130484	130484	2286_2283	1,1	0.5768	37,48	2
ref	131899	131899	2311_2308	1,1	0.5067	51,52	2
ref	136692	136692	2378_2375	1,1	0.7302	112,202	2
ref	138488	138488	2419_2416	1,1	0.9685	64,73	2
ref	138488	138488	2416_2413	1,1	6.9876e-02	36,101	2
ref	138488	138488	2413_2410	1,1	0.6598	31,106	2
ref	138488	138488	2410_2407	1,1	0.7752	27,110	2
ref	138732	138733	2424_2421	1,1	0.6182	215,130	2
ref	140230	140231	2444_2441	1,1	0.7031	112,11	2
ref	140149	140150	2441_2438	1,1	0.7532	62,61	2
ref	142585	142586	2475_2472	1,1	0.6005	36,236	2
ref	142370	142371	2472_2469	1,1	0.7495	245,27	2
ref	143867	143868	2492_2489	1,1	0.2632	32,94	2
ref	143577	143578	2489_2486	1,1	0.7317	12,114	2
ref	143467	143468	2486_2483	1,1	0.5698	35,91	2
ref	144807	144807	2523_2520	1,1	0.9334	101,7	2
ref	144807	144807	2520_2517	1,1	0.8974	20,88	2
ref	144807	144807	2517_2514	1,1	0.6255	99,9	2
ref	144807	144807	2514_2511	1,1	0.6365	75,33	2
ref	144807	144807	2508_2505	1,1	0.2096	47,61	2
ref	146118	146118	2545_2542	1,1	3.5499e-02	56,88	2
ref	146118	146118	2542_2539	1,1	0.566	63,81	2
ref	148975	148975	2587_2584	1,1	0.6623	31,313	2
ref	148975	148975	2584_2581	1,1	0.6066	27,317	2
ref	148975	148975	2581_2578	1,1	0.1569	49,295	2
ref	150602	150602	2615_2612	1,1	0.8956	49,226	2
ref	150602	150602	2612_2609	1,1	0.4525	15,260	2
ref	150602	150602	2609_2606	1,1	0.845	70,205	2
ref	150602	150602	2606_2603	1,1	0.6518	18,257	2
ref	151097	151098	2626_2623	1,1	0.1605	124,11	2
ref	150976	150977	2623_2620	1,1	0.6049	121,14	2
ref	150848	150849	2620_2617	1,1	0.3036	51,84	2
ref	153721	153722	2665_2662	1,1	0.6368	4,60	2
ref	153518	153519	2662_2659	1,1	0.4008	31,33	2
ref	153252	153253	2659_2656	1,1	0.2981	43,21	2
ref	153186	153187	2656_2653	1,1	0.6074	27,37	2
ref	154041	154041	2685_2682	1,1	0.1275	20,63	2
ref	154041	154041	2682_2679	1,1	1.5584e-03	23,60	2
ref	154041	154041	2679_2676	1,1	0.6342	21,62	2
ref	154041	154041	2676_2673	1,1	0.1798	21,62	2
ref	154041	154041	2670_2667	1,1	0.2658	14,69	2
ref	155088	155088	2703_2700	1,1	0.8275	38,251	2
ref	156926	156927	2728_2725	1,1	0.5818	40,308	2
ref	158906	158906	2772_2769	1,1	0.5291	34,157	2
ref	158906	158906	2769_2766	1,1	0.9311	48,143	2
ref	158906	158906	2766_2763	1,1	0.9549	72,119	2
ref	158906	158906	2763_2760	1,1	0.9545	18,173	2
ref	158906	158906	2760_2757	1,1	0.7495	38,153	2
ref	158906	158906	2757_2754	1,1	0.5433	19,172	2
ref	161539	161540	2816_2813	1,1	0.2985	22,287	2
ref	161480	161481	2813_2810	1,1	0.2865	43,266	2
ref	161340	161341	2810_2807	1,1	0.7967	127,182	2
ref	160846	160847	2804_2801	1,1	0.3516	19,290	2
ref	160615	160616	2801_2798	1,1	6.9732e-02	228,81	2
ref	164002	164003	2851_2848	1,1	0.2583	117,178	2
ref	163719	163720	2848_2845	1,1	0.8344	29,266	2
ref	163520	163521	2845_2842	1,1	0.1177	52,243	2
ref	163468	163469	2842_2839	1,1	0.8408	45,250	2
ref	163243	163244	2836_2833	1,1	0.577	206,89	2
ref	163005	163006	2833_2830	1,1	0.512	63,232	2
ref	162749	162750	2830_2827	1,1	0.2124	235,60	2
ref	165554	165555	2871_2868	1,1	0.1141	71,56	2
ref	165050	165051	2862_2859	1,1	0.5291	20,107	2
ref	164789	164790	2859_2856	1,1	0.2283	89,38	2
ref	168457	168458	2916_2913	1,1	0.9797	155,217	2
ref	168234	168235	2913_2910	1,1	0.4755	109,263	2
ref	170233	170234	2941_2938	1,1	0.7765	189,41	2
ref	170528	170528	2946_2943	1,1	0.5116	4,46	2
ref	170735	170735	2954_2951	1,1	0.7644	52,111	2
ref	170735	170735	2951_2948	1,1	0.7099	89,74	2
ref	173908	173909	3004_3001	1,1	0.159	325,55	2
ref	173592	173593	2998_2995	1,1	0.7845	49,331	2
ref	172928	172929	2989_2986	1,1	0.7798	216,164	2
ref	172668	172669	2986_2983	1,1	2.1593e-12	108,272	2
ref	172574	172575	2983_2980	1,1	0.7138	37,343	2
ref	172499	172500	2980_2977	1,1	0.3558	185,195	2
ref	172411	172412	2977_2974	1,1	0.8204	19,361	2
ref	171636	171637	2968_2965	1,1	0.7398	111,269	2
ref	176449	176449	3053_3050	1,1	0.9414	2,17	2
ref	176449	176449	3050_3047	1,1	0.4903	11,8	2
ref	178542	178543	3086_3083	1,1	9.3086e-02	144,164	2
ref	178328	178329	3083_3080	1,1	6.4479e-02	267,41	2
ref	179316	179316	3093_3096	1,1	0.6717	112,86	2
ref	180677	180677	3126_3123	1,1	0.3075	3,15	2
ref	180677	180677	3123_3120	1,1	0.7506	16,2	2
ref	180677	180677	3120_3117	1,1	0.503	11,7	2
ref	180677	180677	3117_3114	1,1	0.7506	6,12	2
ref	184689	184690	3183_3180	1,1	0.7436	230,155	2
ref	186292	186293	3212_3209	1,1	0.8654	312,55	2
ref	186069	186070	3209_3206	1,1	0.8183	277,90	2
ref	185988	185989	3206_3203	1,1	0.1269	62,305	2
ref	185908	185909	3203_3200	1,1	0.4631	64,303	2
ref	185836	185837	3200_3197	1,1	0.674	267,100	2
ref	185735	185736	3197_3194	1,1	3.7981e-07	96,271	2
ref	185384	185385	3191_3188	1,1	6.0341e-02	154,213	2
ref	185214	185215	3188_3185	1,1	0.4608	34,333	2
ref	186979	186980	3226_3223	1,1	0.8355	151,170	2
ref	186903	186904	3223_3220	1,1	1.4877e-14	204,117	2
ref	186836	186837	3220_3217	1,1	0.906	109,212	2
ref	188548	188548	3249_3246	1,1	0.201	10,36	2
ref	188548	188548	3243_3240	1,1	0.5484	8,38	2
ref	188548	188548	3240_3237	1,1	0.1709	15,31	2
ref	192154	192154	3305_3302	1,1	0.5709	68,173	2
ref	192154	192154	3302_3299	1,1	0.7083	44,197	2
ref	192154	192154	3299_3296	1,1	2.3076e-04	74,167	2
ref	192154	192154	3296_3293	1,1	0.2645	24,217	2
ref	195531	195531	3355_3352	1,1	2.2360e-02	54,29	2
ref	195531	195531	3352_3349	1,1	0.2309	18,65	2
ref	195531	195531	3349_3346	1,1	0.4101	36,47	2
ref	196172	196172	3398_3395	1,1	0.4019	170,41	2
ref	196172	196172	3392_3389	1,1	0.4628	11,200	2
ref	196172	196172	3389_3386	1,1	4.5838e-05	94,117	2
ref	196172	196172	3386_3383	1,1	4.5637e-03	127,84	2
ref	196172	196172	3383_3380	1,1	0.6669	144,67	2
ref	196172	196172	3380_3377	1,1	0.1432	82,129	2
ref	196172	196172	3377_3374	1,1	0.1116	132,79	2
ref	196172	196172	3374_3371	1,1	0.3496	79,132	2
ref	196172	196172	3371_3368	1,1	1.6790e-02	39,172	2
ref	196172	196172	3368_3365	1,1	0.2778	35,176	2
ref	197302	197303	3417_3414	1,1	0.5894	7,21	2
ref	196891	196892	3411_3408	1,1	0.8508	20,8	2
ref	196621	196622	3408_3405	1,1	0.2822	26,2	2
ref	199696	199697	3450_3447	1,1	4.0526e-02	31,155	2
ref	199460	199461	3447_3444	1,1	0.4076	49,137	2
ref	200771	200772	3461_3458	1,1	0.885	23,303	2
ref	200554	200555	3458_3455	1,1	0.1225	140,186	2
ref	200360	200361	3455_3452	1,1	0.5678	75,251	2
ref	201393	201393	3478_3475	1,1	0.8362	49,98	2
ref	201393	201393	3475_3472	1,1	2.4901e-03	24,123	2
ref	201393	201393	3472_3469	1,1	0.5554	42,105	2
ref	201949	201950	3486_3483	1,1	0.123	245,105	2
ref	203110	203111	3503_3500	1,1	2.0096e-02	136,14	2
ref	202917	202918	3500_3497	1,1	0.2719	16,134	2
ref	202728	202729	3497_3494	1,1	1	99,51	2
ref	204726	204727	3524_3521	1,1	0.2425	49,310	2
ref	205295	205295	3544_3541	1,1	2.6203e-02	20,159	2
ref	205295	205295	3541_3538	1,1	0.2383	140,39	2
ref	205295	205295	3538_3535	1,1	0.5039	62,117	2
ref	205295	205295	3535_3532	1,1	0.1761	76,103	2
ref	205295	205295	3532_3529	1,1	9.1567e-05	51,128	2
ref	205295	205295	3529_3526	1,1	2.0921e-02	14,165	2
ref	206025	206026	3561_3558	1,1	0.8255	102,57	2
ref	205816	205817	3558_3555	1,1	0.6218	70,89	2
ref	205620	205621	3555_3552	1,1	0.7215	63,96	2
ref	205511	205512	3552_3549	1,1	0.8734	63,96	2
ref	206949	206949	3587_3584	1,1	0.4332	4,8	2
ref	206949	206949	3584_3581	1,1	0.6987	4,8	2
ref	206949	206949	3581_3578	1,1	1	9,3	2
ref	208905	208905	3626_3623	1,1	0.9358	20,72	2
ref	208905	208905	3623_3620	1,1	0.3017	34,58	2
ref	208905	208905	3620_3617	1,1	0.8628	69,23	2
ref	208905	208905	3617_3614	1,1	0.71	56,36	2
ref	211535	211535	3671_3668	1,1	0.6496	69,35	2
ref	211535	211535	3668_3665	1,1	2.1552e-02	34,70	2
ref	211992	211992	3682_3679	1,1	0.878	11,22	2
ref	213911	213911	3717_3714	1,1	0.6565	52,258	2
ref	214306	214307	3722_3719	1,1	0.6606	98,258	2
ref	218933	218933	3807_3804	1,1	0.9037	19,28	2
ref	218933	218933	3804_3801	1,1	0.1067	29,18	2
ref	218933	218933	3801_3798	1,1	0.6777	17,30	2
ref	218933	218933	3798_3795	1,1	0.7928	23,24	2
ref	218933	218933	3795_3792	1,1	5.9416e-02	6,41	2
ref	218933	218933	3792_3789	1,1	0.3593	23,24	2
ref	218933	218933	3789_3786	1,1	0.3593	24,23	2
ref	221555	221556	3844_3841	1,1	3.3817e-02	22,304	2
ref	221171	221172	3838_3835	1,1	0.6186	35,291	2
ref	220924	220925	3835_3832	1,1	0.8166	24,302	2
ref	222975	222975	3870_3867	1,1	0.8271	139,30	2
ref	224920	224921	3897_3894	1,1	5.2908e-03	106,162	2
ref	224495	224496	3891_3888	1,1	8.5044e-03	75,193	2
ref	226728	226728	3938_3935	1,1	0.9915	23,107	2
ref	226728	226728	3935_3932	1,1	0.9769	56,74	2
ref	226728	226728	3932_3929	1,1	0.3778	13,117	2
ref	226728	226728	3929_3926	1,1	2.5588e-02	46,84	2
ref	232467	232468	4026_4029	1,1	0.1951	36,6	2
ref	232645	232646	4029_4032	1,1	0.4742	10,32	2
ref	237239	237240	4089_4086	1,1	0.5509	240,56	2
ref	238416	238416	4108_4105	1,1	0.3774	1,12	2
ref	239010	239011	4122_4119	1,1	0.1088	173,141	2
ref	238904	238905	4119_4116	1,1	1.8155e-02	149,165	2
ref	239420	239420	4133_4130	1,1	0.6834	27,116	2
ref	239420	239420	4130_4127	1,1	0.8988	12,131	2
ref	239420	239420	4127_4124	1,1	0.2399	14,129	2
ref	241397	241398	4164_4161	1,1	0.9981	227,47	2
ref	243377	243378	4189_4186	1,1	4.9881e-02	292,33	2
ref	243251	243252	4186_4183	1,1	0.1741	68,257	2
ref	242829	242830	4180_4177	1,1	0.5054	78,247	2
ref	246810	246811	4248_4245	1,1	0.4531	75,223	2
ref	246662	246663	4245_4242	1,1	4.3395e-02	177,121	2
ref	246483	246484	4242_4239	1,1	7.7493e-02	183,115	2
ref	246296	246297	4239_4236	1,1	0.8132	162,136	2
ref	245995	245996	4233_4230	1,1	0.3434	26,272	2
ref	245932	245933	4230_4227	1,1	0.7112	282,16	2
ref	245742	245743	4227_4224	1,1	2.1850e-09	163,135	2
ref	245646	245647	4224_4221	1,1	0.75	268,30	2
ref	245594	245595	4221_4218	1,1	0.9346	64,234	2
ref	245350	245351	4218_4215	1,1	0.5302	247,51	2
ref	245144	245145	4215_4212	1,1	0.1618	91,207	2
ref	245081	245082	4212_4209	1,1	0.6125	25,273	2
ref	247246	247246	4259_4256	1,1	0.9888	112,104	2
ref	247246	247246	4256_4253	1,1	0.1376	89,127	2
ref	247411	247411	4267_4264	1,1	0.141	113,83	2
ref	247411	247411	4264_4261	1,1	6.1458e-02	123,73	2
ref	9404	9405	129_126	1,1	0.2998	149,64	2
ref	8697	8698	121_118	1,1	0.6766	20,309	2
ref	7181	7182	101_98	1,1	5.7898e-02	39,306	2
ref	6872	6873	95_92	1,1	0.2623	38,307	2
ref	3156	3157	41_38	1,1	1.5918e-22	246,139	2
ref	2060	2061	21_18	1,1	0.2011	74,173	2
ref	1836	1837	18_15	1,1	0.1814	39,208	2
ref	747	748	8_5	1,1	0.101	54,21	2
ref	589	590	5_2	1,1	0.3777	26,49	2
